,incidents
0,None
1,Very_High
2,Very_High
3,Very_High
4,High
5,Medium
6,Low
7,High
8,Very_High
9,Very_High
10,Very_High
11,Very_High
12,Very_High
13,Very_High
14,None
15,None
16,Medium
17,Medium
18,Low
19,None
20,High
21,High
22,None
23,None
24,Very_High
25,High
26,High
27,None
28,Medium
29,High
30,High
31,None
32,None
33,None
34,None
35,Medium
36,Very_High
37,Very_High
38,Very_High
39,Very_High
40,None
41,None
42,None
43,None
44,Very_High
45,Very_High
46,Very_High
47,Very_High
48,Very_High
49,Low
50,Low
51,Very_High
52,Very_High
53,Low
54,None
55,None
56,None
57,None
58,None
59,None
60,None
61,None
62,High
63,Low
64,None
65,Very_High
66,Very_High
67,Low
68,Very_High
69,None
70,None
71,High
72,Medium
73,None
74,High
75,Very_High
76,Very_High
77,High
78,Medium
79,Medium
80,Low
81,Low
82,High
83,High
84,Medium
85,High
86,Medium
87,Very_High
88,Very_High
89,None
90,None
91,High
92,High
93,High
94,Low
95,None
96,None
97,Very_High
98,Very_High
99,Very_High
100,None
101,Very_High
102,Very_High
103,None
104,Very_High
105,Medium
106,Low
107,Low
108,Medium
109,None
110,None
111,High
112,High
113,None
114,None
115,Medium
116,None
117,High
118,High
119,Medium
120,None
121,None
122,Very_High
123,Very_High
124,None
125,High
126,High
127,High
128,None
129,Medium
130,None
131,None
132,Very_High
133,Very_High
134,Very_High
135,Very_High
136,Very_High
137,Very_High
138,Very_High
139,Very_High
140,Very_High
141,None
142,High
143,Very_High
144,Very_High
145,Very_High
146,Very_High
147,Very_High
148,Low
149,None
150,High
151,Very_High
152,Very_High
153,Very_High
154,None
155,None
156,None
157,Very_High
158,Very_High
159,None
160,Very_High
161,Very_High
162,Low
163,Low
164,High
165,Low
166,High
167,High
168,High
169,Medium
170,Medium
171,None
172,None
173,High
174,Medium
175,Medium
176,Medium
177,Very_High
178,Very_High
179,Very_High
180,Very_High
181,Very_High
182,Very_High
183,Very_High
184,Very_High
185,Very_High
186,High
187,None
188,None
189,Medium
190,High
191,Low
192,Low
193,High
194,High
195,None
196,Very_High
197,Very_High
198,High
199,High
200,Medium
201,Very_High
202,Very_High
203,None
204,None
205,Very_High
206,Very_High
207,Very_High
208,Low
209,None
210,Medium
211,Medium
212,High
213,None
214,Very_High
215,Very_High
216,Medium
217,None
218,High
219,Medium
220,None
221,Very_High
222,Very_High
223,Very_High
224,Medium
225,Very_High
226,Very_High
227,Very_High
228,High
229,High
230,None
231,High
232,None
233,None
234,Medium
235,Medium
236,None
237,Very_High
238,None
239,Low
240,None
241,Medium
242,None
243,Medium
244,Very_High
245,Very_High
246,None
247,High
248,Low
249,High
250,High
251,High
252,None
253,None
254,None
255,None
256,Very_High
257,Very_High
258,Low
259,High
260,High
261,Very_High
262,Very_High
263,Very_High
264,Very_High
265,Very_High
266,Very_High
267,None
268,Medium
269,Medium
270,Medium
271,None
272,High
273,None
274,Low
275,Very_High
276,Very_High
277,None
278,None
279,Very_High
280,Very_High
281,Very_High
282,Low
283,None
284,Very_High
285,Very_High
286,Very_High
287,None
288,High
289,None
290,Low
291,Low
292,Medium
293,High
294,None
295,None
296,Low
297,None
298,None
299,High
300,None
301,None
302,Medium
303,Very_High
304,Very_High
305,None
306,None
307,None
308,High
309,Very_High
310,Very_High
311,Very_High
312,Very_High
313,Very_High
314,Medium
315,Very_High
316,Very_High
317,Very_High
318,Medium
319,Low
320,High
321,None
322,High
323,None
324,Low
325,Low
326,Low
327,Low
328,High
329,High
330,None
331,None
332,High
333,High
334,High
335,None
336,Very_High
337,Very_High
338,Very_High
339,High
340,High
341,None
342,High
343,Very_High
344,Very_High
345,Very_High
346,Very_High
347,Very_High
348,Very_High
349,Very_High
350,High
351,Very_High
352,Very_High
353,Very_High
354,Very_High
355,Very_High
356,High
357,None
358,Medium
359,Low
360,Medium
361,Medium
362,None
363,High
364,Low
365,None
366,High
367,None
368,None
369,Very_High
370,Very_High
371,Low
372,Low
373,None
374,Low
375,Low
376,High
377,High
378,Low
379,Low
380,Low
381,None
382,Medium
383,Low
384,Low
385,None
386,Medium
387,Medium
388,None
389,High
390,High
391,High
392,High
393,None
394,None
395,None
396,Medium
397,Low
398,Low
399,None
400,High
401,None
402,High
403,High
404,Medium
405,High
406,Low
407,None
408,None
409,High
410,Very_High
411,High
412,None
413,Low
414,Very_High
415,Low
416,Medium
417,None
418,High
419,Very_High
420,Very_High
421,High
422,High
423,High
424,High
425,None
426,None
427,Low
428,High
429,High
430,High
431,High
432,High
433,High
434,High
435,High
436,None
437,Medium
438,Very_High
439,Very_High
440,Very_High
441,Very_High
442,High
443,Low
444,Low
445,None
446,Medium
447,Medium
448,High
449,High
450,High
451,Medium
452,Very_High
453,None
454,Medium
455,High
456,High
457,None
458,None
459,High
460,None
461,None
462,None
463,High
464,Medium
465,Very_High
466,None
467,None
468,None
469,None
470,High
471,None
472,None
473,None
474,High
475,None
476,None
477,Very_High
478,None
479,None
480,Medium
481,None
482,None
483,Low
484,None
485,Very_High
486,Very_High
487,None
488,High
489,Medium
490,Medium
491,None
492,High
493,Low
494,Low
495,Medium
496,High
497,High
498,High
499,High
500,Very_High
501,None
502,Medium
503,None
504,None
505,High
506,Very_High
507,Very_High
508,None
509,High
510,High
511,High
512,High
513,None
514,High
515,None
516,None
517,High
518,High
519,High
520,High
521,Very_High
522,Very_High
523,None
524,None
525,High
526,Low
527,Low
528,Low
529,High
530,High
531,High
532,Low
533,Low
534,Low
535,Low
536,High
537,High
538,Low
539,None
540,Very_High
541,Very_High
542,None
543,Medium
544,None
545,High
546,Low
547,Low
548,None
549,Low
550,Very_High
551,Very_High
552,Very_High
553,Very_High
554,Very_High
555,Very_High
556,None
557,High
558,Very_High
559,Very_High
560,High
561,High
562,High
563,None
564,Medium
565,None
566,None
567,Low
568,Very_High
569,Very_High
570,High
571,High
572,Very_High
573,None
574,Low
575,Low
576,None
577,Low
578,None
579,None
580,High
581,High
582,Medium
583,None
584,None
585,Very_High
586,Very_High
587,Medium
588,Medium
589,Medium
590,None
591,None
592,Low
593,None
594,None
595,High
596,Very_High
597,Very_High
598,None
599,None
600,None
601,Medium
602,None
603,High
604,High
605,None
606,None
607,None
608,None
609,Medium
610,None
611,High
612,High
613,Very_High
614,High
615,High
616,Medium
617,Medium
618,Very_High
619,Very_High
620,Very_High
621,Very_High
622,Very_High
623,Very_High
624,Low
625,Very_High
626,Very_High
627,Very_High
628,Very_High
629,Low
630,Very_High
631,Very_High
632,Very_High
633,Very_High
634,Very_High
635,High
636,High
637,High
638,Medium
639,High
640,None
641,None
642,Very_High
643,Very_High
644,None
645,High
646,Very_High
647,Very_High
648,None
649,None
650,Very_High
651,Very_High
652,None
653,None
654,High
655,Medium
656,High
657,High
658,Low
659,High
660,Low
661,High
662,None
663,None
664,Medium
665,Medium
666,Low
667,None
668,High
669,High
670,None
671,None
672,High
673,Very_High
674,Very_High
675,High
676,High
677,None
678,High
679,High
680,High
681,High
682,High
683,High
684,Medium
685,None
686,Low
687,High
688,High
689,Low
690,Very_High
691,High
692,High
693,High
694,High
695,None
696,None
697,Low
698,High
699,Medium
700,Medium
701,High
702,High
703,Medium
704,None
705,High
706,None
707,High
708,High
709,High
710,None
711,None
712,None
713,High
714,Very_High
715,Very_High
716,None
717,High
718,None
719,None
720,Low
721,High
722,High
723,None
724,None
725,High
726,Low
727,None
728,High
729,High
730,High
731,Low
732,Very_High
733,Very_High
734,Very_High
735,High
736,None
737,Medium
738,None
739,None
740,High
741,High
742,Low
743,Low
744,None
745,None
746,None
747,None
748,High
749,None
750,Low
751,None
752,None
753,High
754,High
755,Low
756,Low
757,High
758,High
759,High
760,Very_High
761,Very_High
762,High
763,None
764,High
765,High
766,None
767,Very_High
768,Very_High
769,Very_High
770,Very_High
771,Very_High
772,Very_High
773,Very_High
774,Very_High
775,Very_High
776,Low
777,High
778,None
779,None
780,None
781,Very_High
782,Very_High
783,None
784,High
785,Low
786,None
787,None
788,None
789,Medium
790,Very_High
791,Very_High
792,Very_High
793,Very_High
794,None
795,Very_High
796,Very_High
797,High
798,None
799,Very_High
800,High
801,High
802,High
803,None
804,Very_High
805,Very_High
806,Medium
807,Very_High
808,Very_High
809,None
810,Low
811,High
812,Medium
813,Medium
814,Medium
815,High
816,High
817,Low
818,High
819,None
820,None
821,Low
822,Low
823,Low
824,High
825,Medium
826,None
827,Low
828,Low
829,Very_High
830,Low
831,None
832,Medium
833,None
834,High
835,None
836,None
837,Very_High
838,Medium
839,None
840,None
841,Very_High
842,High
843,High
844,High
845,Very_High
846,Very_High
847,None
848,Low
849,Very_High
850,Very_High
851,Very_High
852,None
853,Medium
854,Medium
855,Medium
856,Medium
857,High
858,High
859,Medium
860,Very_High
861,Very_High
862,High
863,High
864,Medium
865,Medium
866,Medium
867,None
868,High
869,High
870,High
871,None
872,Medium
873,None
874,Low
875,Low
876,None
877,None
878,Low
879,Low
880,High
881,None
882,Medium
883,High
884,High
885,High
886,Very_High
887,Very_High
888,Very_High
889,Very_High
890,None
891,Medium
892,Low
893,Medium
894,High
895,High
896,High
897,High
898,High
899,High
900,High
901,High
902,Very_High
903,Very_High
904,Very_High
905,High
906,None
907,Medium
908,High
909,None
910,None
911,High
912,Low
913,Medium
914,Medium
915,Very_High
916,Very_High
917,Very_High
918,High
919,None
920,Very_High
921,Very_High
922,Very_High
923,Very_High
924,Low
925,High
926,None
927,High
928,High
929,None
930,Low
931,None
932,None
933,Low
934,Low
935,Medium
936,Low
937,Medium
938,Low
939,None
940,None
941,None
942,Medium
943,Medium
944,Low
945,None
946,Low
947,Low
948,High
949,Very_High
950,None
951,None
952,Medium
953,None
954,Low
955,Low
956,None
957,None
958,Medium
959,Medium
960,Low
961,Medium
962,None
963,None
964,High
965,Low
966,Low
967,High
968,Very_High
969,Very_High
970,Very_High
971,None
972,None
973,High
974,None
975,Low
976,Very_High
977,Very_High
978,Very_High
979,None
980,Very_High
981,Very_High
982,Medium
983,High
984,High
985,None
986,High
987,High
988,Very_High
989,Very_High
990,Very_High
991,None
992,Low
993,None
994,None
995,Low
996,Low
997,Low
998,High
999,None
1000,Low
1001,Low
1002,Low
1003,High
1004,None
1005,None
1006,High
1007,High
1008,Very_High
1009,Very_High
1010,Medium
1011,Very_High
1012,Very_High
1013,Low
1014,Very_High
1015,High
1016,Medium
1017,None
1018,Very_High
1019,Very_High
1020,Very_High
1021,High
1022,High
1023,High
1024,High
1025,None
1026,Low
1027,Very_High
1028,Very_High
1029,High
1030,High
1031,High
1032,Medium
1033,High
1034,Low
1035,None
1036,High
1037,None
1038,High
1039,None
1040,Medium
1041,None
1042,Low
1043,High
1044,High
1045,High
1046,None
1047,None
1048,Very_High
1049,Very_High
1050,None
1051,High
1052,None
1053,Medium
1054,None
1055,High
1056,High
1057,Low
1058,Very_High
1059,Very_High
1060,Medium
1061,Very_High
1062,High
1063,High
1064,High
1065,High
1066,None
1067,None
1068,High
1069,None
1070,None
1071,Low
1072,Very_High
1073,Very_High
1074,Very_High
1075,Very_High
1076,Very_High
1077,High
1078,Low
1079,None
1080,None
1081,Very_High
1082,Very_High
1083,High
1084,None
1085,High
1086,High
1087,None
1088,High
1089,Very_High
1090,Very_High
1091,High
1092,Medium
1093,None
1094,None
1095,Very_High
1096,Very_High
1097,Very_High
1098,Very_High
1099,Very_High
1100,Very_High
1101,High
1102,Very_High
1103,Very_High
1104,None
1105,None
1106,Medium
1107,Low
1108,Low
1109,Low
1110,None
1111,High
1112,None
1113,High
1114,High
1115,High
1116,None
1117,Low
1118,None
1119,High
1120,None
1121,High
1122,None
1123,High
1124,High
1125,Low
1126,Medium
1127,None
1128,Very_High
1129,Very_High
1130,Very_High
1131,Very_High
1132,None
1133,Low
1134,None
1135,None
1136,Low
1137,Low
1138,High
1139,High
1140,None
1141,High
1142,Medium
1143,High
1144,None
1145,High
1146,None
1147,Low
1148,None
1149,None
1150,None
1151,High
1152,High
1153,High
1154,High
1155,None
1156,Very_High
1157,High
1158,None
1159,Medium
1160,None
1161,Medium
1162,None
1163,High
1164,High
1165,Medium
1166,High
1167,High
1168,Very_High
1169,Very_High
1170,Very_High
1171,Very_High
1172,None
1173,High
1174,High
1175,None
1176,High
1177,High
1178,Low
1179,Medium
1180,Low
1181,High
1182,Medium
1183,None
1184,None
1185,None
1186,High
1187,High
1188,None
1189,Medium
1190,None
1191,High
1192,High
1193,None
1194,None
1195,Medium
1196,Medium
1197,Medium
1198,Medium
1199,Low
1200,Very_High
1201,Very_High
1202,Very_High
1203,Very_High
1204,Medium
1205,Low
1206,Low
1207,High
1208,None
1209,High
1210,High
1211,High
1212,High
1213,Very_High
1214,Very_High
1215,None
1216,Very_High
1217,Very_High
1218,None
1219,Very_High
1220,Very_High
1221,Very_High
1222,Very_High
1223,Medium
1224,Very_High
1225,Very_High
1226,None
1227,Medium
1228,Medium
1229,Low
1230,Medium
1231,Medium
1232,Very_High
1233,High
1234,High
1235,Medium
1236,None
1237,Low
1238,Medium
1239,None
1240,None
1241,None
1242,Medium
1243,High
1244,None
1245,None
1246,Low
1247,Low
1248,None
1249,High
1250,None
1251,None
1252,Low
1253,High
1254,Very_High
1255,Very_High
1256,High
1257,Low
1258,Low
1259,High
1260,Low
1261,Low
1262,Medium
1263,Very_High
1264,Very_High
1265,None
1266,Very_High
1267,Very_High
1268,Very_High
1269,Very_High
1270,Medium
1271,None
1272,None
1273,Medium
1274,None
1275,None
1276,Low
1277,None
1278,None
1279,None
1280,Medium
1281,None
1282,Very_High
1283,Very_High
1284,Very_High
1285,Very_High
1286,Low
1287,Low
1288,Very_High
1289,Very_High
1290,None
1291,None
1292,Very_High
1293,Very_High
1294,Very_High
1295,Very_High
1296,Very_High
1297,None
1298,Low
1299,None
1300,None
1301,High
1302,None
1303,High
1304,High
1305,High
1306,Medium
1307,None
1308,High
1309,Very_High
1310,Very_High
1311,None
1312,None
1313,None
1314,Low
1315,Low
1316,None
1317,High
1318,High
1319,Medium
1320,None
1321,Medium
1322,None
1323,None
1324,None
1325,Medium
1326,High
1327,None
1328,Very_High
1329,Very_High
1330,Low
1331,High
1332,Low
1333,None
1334,Low
1335,Low
1336,High
1337,None
1338,Very_High
1339,Very_High
1340,Medium
1341,High
1342,Medium
1343,Very_High
1344,Very_High
1345,Very_High
1346,Very_High
1347,High
1348,High
1349,Low
1350,High
1351,Medium
1352,None
1353,High
1354,High
1355,None
1356,None
1357,Medium
1358,Low
1359,None
1360,Very_High
1361,Very_High
1362,Very_High
1363,Very_High
1364,Very_High
1365,Low
1366,High
1367,High
1368,Very_High
1369,Very_High
1370,Low
1371,Low
1372,High
1373,High
1374,High
1375,None
1376,Medium
1377,Low
1378,None
1379,Very_High
1380,Very_High
1381,High
1382,High
1383,Very_High
1384,Very_High
1385,Very_High
1386,High
1387,Very_High
1388,Very_High
1389,Very_High
1390,Very_High
1391,Very_High
1392,Very_High
1393,Very_High
1394,None
1395,High
1396,High
1397,High
1398,High
1399,None
1400,High
1401,Very_High
1402,Very_High
1403,High
1404,High
1405,High
1406,Low
1407,Medium
1408,Medium
1409,High
1410,High
1411,High
1412,High
1413,None
1414,Low
1415,Medium
1416,Very_High
1417,Very_High
1418,Very_High
1419,None
1420,High
1421,None
1422,Low
1423,None
1424,High
1425,High
1426,None
1427,Low
1428,None
1429,None
1430,None
1431,Medium
1432,Low
1433,None
1434,None
1435,Very_High
1436,Very_High
1437,None
1438,Very_High
1439,Very_High
1440,Very_High
1441,None
1442,None
1443,High
1444,None
1445,High
1446,High
1447,High
1448,Very_High
1449,Very_High
1450,Very_High
1451,Very_High
1452,Very_High
1453,Very_High
1454,Very_High
1455,Very_High
1456,Medium
1457,High
1458,None
1459,Low
1460,None
1461,None
1462,Low
1463,Medium
1464,None
1465,None
1466,Low
1467,None
1468,High
1469,High
1470,High
1471,Low
1472,High
1473,High
1474,None
1475,None
1476,Very_High
1477,Very_High
1478,Medium
1479,Very_High
1480,None
1481,Low
1482,Very_High
1483,High
1484,High
1485,None
1486,None
1487,None
1488,Low
1489,Low
1490,High
1491,High
1492,High
1493,Low
1494,Low
1495,High
1496,High
1497,High
1498,None
1499,None
1500,Very_High
1501,Very_High
1502,High
1503,Medium
1504,Medium
1505,Very_High
1506,Very_High
1507,Very_High
1508,None
1509,None
1510,None
1511,Low
1512,Very_High
1513,Very_High
1514,Very_High
1515,Very_High
1516,Very_High
1517,High
1518,None
1519,None
1520,Medium
1521,Medium
1522,Medium
1523,None
1524,None
1525,None
1526,Very_High
1527,Very_High
1528,Very_High
1529,Very_High
1530,None
1531,Very_High
1532,Very_High
1533,None
1534,None
1535,Medium
1536,Very_High
1537,Very_High
1538,Very_High
1539,Very_High
1540,None
1541,Medium
1542,High
1543,High
1544,Medium
1545,Medium
1546,High
1547,Very_High
1548,Very_High
1549,Medium
1550,None
1551,None
1552,None
1553,None
1554,None
1555,None
1556,None
1557,None
1558,High
1559,Medium
1560,Medium
1561,Low
1562,Low
1563,Very_High
1564,Very_High
1565,Low
1566,None
1567,None
1568,None
1569,Low
1570,Low
1571,Medium
1572,None
1573,Very_High
1574,Very_High
1575,High
1576,High
1577,High
1578,High
1579,Low
1580,Low
1581,None
1582,None
1583,None
1584,None
1585,Low
1586,Low
1587,High
1588,Low
1589,None
1590,None
1591,High
1592,Medium
1593,None
1594,Low
1595,None
1596,Low
1597,Low
1598,High
1599,High
1600,High
1601,High
1602,None
1603,None
1604,Medium
1605,None
1606,High
1607,None
1608,Low
1609,None
1610,None
1611,High
1612,High
1613,High
1614,None
1615,Medium
1616,High
1617,High
1618,High
1619,High
1620,Low
1621,None
1622,Medium
1623,Medium
1624,None
1625,Low
1626,Low
1627,High
1628,Medium
1629,None
1630,High
1631,High
1632,None
1633,High
1634,Medium
1635,Medium
1636,Medium
1637,Very_High
1638,Very_High
1639,Very_High
1640,None
1641,High
1642,High
1643,Very_High
1644,Very_High
1645,Low
1646,None
1647,Low
1648,Low
1649,Low
1650,High
1651,Very_High
1652,Very_High
1653,High
1654,Low
1655,None
1656,None
1657,Medium
1658,Very_High
1659,Very_High
1660,Very_High
1661,Low
1662,None
1663,High
1664,None
1665,High
1666,Low
1667,Low
1668,None
1669,Medium
1670,None
1671,High
1672,Low
1673,None
1674,High
1675,High
1676,High
1677,High
1678,Medium
1679,None
1680,Low
1681,None
1682,None
1683,Very_High
1684,Very_High
1685,Very_High
1686,Medium
1687,Medium
1688,Very_High
1689,Very_High
1690,Very_High
1691,Very_High
1692,None
1693,Low
1694,Low
1695,None
1696,High
1697,High
1698,Low
1699,Low
1700,None
1701,High
1702,High
1703,None
1704,None
1705,Low
1706,Medium
1707,Very_High
1708,Very_High
1709,Low
1710,None
1711,Very_High
1712,Very_High
1713,Very_High
1714,Low
1715,None
1716,Very_High
1717,Very_High
1718,High
1719,High
1720,High
1721,High
1722,High
1723,Very_High
1724,Very_High
1725,None
1726,None
1727,High
1728,None
1729,None
1730,Very_High
1731,Very_High
1732,Medium
1733,High
1734,None
1735,Medium
1736,High
1737,Low
1738,High
1739,High
1740,High
1741,None
1742,None
1743,Very_High
1744,Very_High
1745,High
1746,Medium
1747,None
1748,Medium
1749,None
1750,High
1751,Medium
1752,Medium
1753,None
1754,None
1755,Medium
1756,High
1757,High
1758,High
1759,Medium
1760,Very_High
1761,Very_High
1762,Very_High
1763,None
1764,High
1765,High
1766,High
1767,High
1768,Low
1769,Low
1770,None
1771,None
1772,None
1773,Low
1774,None
1775,Very_High
1776,Very_High
1777,Very_High
1778,Very_High
1779,Very_High
1780,High
1781,High
1782,None
1783,High
1784,High
1785,Very_High
1786,Very_High
1787,Low
1788,High
1789,Very_High
1790,Very_High
1791,Very_High
1792,Very_High
1793,Very_High
1794,High
1795,Low
1796,Low
1797,None
1798,Very_High
1799,Very_High
1800,High
1801,Very_High
1802,Very_High
1803,Very_High
1804,High
1805,None
1806,None
1807,Medium
1808,Medium
1809,None
1810,None
1811,Medium
1812,Very_High
1813,Very_High
1814,Very_High
1815,None
1816,Very_High
1817,Very_High
1818,Very_High
1819,Very_High
1820,None
1821,Very_High
1822,Very_High
1823,None
1824,Low
1825,Low
1826,None
1827,High
1828,None
1829,Very_High
1830,None
1831,Very_High
1832,None
1833,Low
1834,Medium
1835,Medium
1836,Medium
1837,Medium
1838,Very_High
1839,Very_High
1840,Low
1841,High
1842,Low
1843,Low
1844,High
1845,None
1846,Very_High
1847,Medium
1848,None
1849,None
1850,Very_High
1851,Very_High
1852,Low
1853,Low
1854,Low
1855,Low
1856,None
1857,None
1858,None
1859,Low
1860,None
1861,None
1862,Low
1863,Low
1864,None
1865,High
1866,High
1867,None
1868,High
1869,None
1870,Very_High
1871,Very_High
1872,Very_High
1873,None
1874,None
1875,Medium
1876,Very_High
1877,Very_High
1878,Very_High
1879,Very_High
1880,Very_High
1881,Very_High
1882,None
1883,None
1884,Medium
1885,None
1886,Very_High
1887,Very_High
1888,Very_High
1889,Very_High
1890,None
1891,High
1892,High
1893,None
1894,None
1895,None
1896,Very_High
1897,Very_High
1898,Very_High
1899,Very_High
1900,High
1901,None
1902,None
1903,None
1904,None
1905,Low
1906,Low
1907,None
1908,Medium
1909,Medium
1910,Medium
1911,High
1912,None
1913,None
1914,None
1915,None
1916,Low
1917,High
1918,None
1919,None
1920,Very_High
1921,Very_High
1922,Very_High
1923,Very_High
1924,Medium
1925,High
1926,High
1927,High
1928,None
1929,None
1930,Low
1931,None
1932,None
1933,Medium
1934,High
1935,Medium
1936,Low
1937,High
1938,High
1939,None
1940,Low
1941,Very_High
1942,Very_High
1943,None
1944,Low
1945,None
1946,High
1947,High
1948,None
1949,None
1950,High
1951,Medium
1952,None
1953,None
1954,Medium
1955,Very_High
1956,Very_High
1957,Medium
1958,Very_High
1959,Very_High
1960,Very_High
1961,None
1962,High
1963,Medium
1964,None
1965,High
1966,High
1967,High
1968,None
1969,None
1970,None
1971,Medium
1972,Low
1973,None
1974,Very_High
1975,High
1976,Low
1977,Low
1978,Low
1979,High
1980,Medium
1981,None
1982,None
1983,None
1984,None
1985,None
1986,High
1987,Low
1988,None
1989,Medium
1990,Very_High
1991,Very_High
1992,None
1993,Low
1994,Medium
1995,High
1996,High
1997,Low
1998,High
1999,Very_High
2000,Very_High
2001,High
2002,Low
2003,None
2004,None
2005,None
2006,Very_High
2007,None
2008,High
2009,Very_High
2010,Very_High
2011,Very_High
2012,None
2013,None
2014,None
2015,Medium
2016,None
2017,None
2018,None
2019,None
2020,Medium
2021,None
2022,High
2023,High
2024,None
2025,High
2026,None
2027,Low
2028,High
2029,Very_High
2030,Very_High
2031,Medium
2032,Low
2033,Low
2034,Low
2035,Low
2036,Low
2037,None
2038,High
2039,High
2040,Low
2041,Low
2042,Very_High
2043,Medium
2044,High
2045,Medium
2046,None
2047,Very_High
2048,Very_High
2049,High
2050,Very_High
2051,Very_High
2052,None
2053,Low
2054,Medium
2055,None
2056,Very_High
2057,Very_High
2058,Very_High
2059,Very_High
2060,Very_High
2061,Very_High
2062,Very_High
2063,Low
2064,None
2065,Very_High
2066,Very_High
2067,Low
2068,Very_High
2069,Very_High
2070,Very_High
2071,Very_High
2072,High
2073,High
2074,Low
2075,Low
2076,Low
2077,High
2078,High
2079,High
2080,None
2081,High
2082,High
2083,Medium
2084,High
2085,High
2086,High
2087,None
2088,High
2089,High
2090,None
2091,Medium
2092,High
2093,Medium
2094,Medium
2095,Very_High
2096,Very_High
2097,Low
2098,Medium
2099,None
2100,None
2101,Low
2102,Low
2103,High
2104,High
2105,Very_High
2106,Very_High
2107,Low
2108,Medium
2109,Very_High
2110,Very_High
2111,Very_High
2112,Very_High
2113,High
2114,None
2115,High
2116,High
2117,None
2118,None
2119,None
2120,Low
2121,Very_High
2122,Very_High
2123,Medium
2124,None
2125,None
2126,None
2127,Medium
2128,Low
2129,High
2130,None
2131,Medium
2132,Medium
2133,None
2134,Very_High
2135,Very_High
2136,Very_High
2137,High
2138,Low
2139,Low
2140,None
2141,None
2142,Medium
2143,None
2144,None
2145,None
2146,High
2147,None
2148,Medium
2149,None
2150,None
2151,Very_High
2152,Very_High
2153,Very_High
2154,None
2155,Medium
2156,Low
2157,Low
2158,Low
2159,High
2160,Low
2161,High
2162,Very_High
2163,Very_High
2164,Low
2165,Low
2166,None
2167,High
2168,None
2169,Medium
2170,High
2171,High
2172,High
2173,High
2174,Medium
2175,None
2176,Low
2177,None
2178,None
2179,High
2180,High
2181,High
2182,Very_High
2183,Very_High
2184,Very_High
2185,Very_High
2186,High
2187,None
2188,Medium
2189,Medium
2190,High
2191,Medium
2192,High
2193,Low
2194,None
2195,None
2196,Low
2197,Low
2198,Low
2199,None
2200,High
2201,Very_High
2202,Very_High
2203,None
2204,None
2205,None
2206,High
2207,Very_High
2208,None
2209,None
2210,Low
2211,High
2212,High
2213,Low
2214,None
2215,Medium
2216,Low
2217,Low
2218,Very_High
2219,Very_High
2220,Very_High
2221,Very_High
2222,Very_High
2223,Very_High
2224,Very_High
2225,High
2226,High
2227,None
2228,None
2229,High
2230,None
2231,None
2232,Medium
2233,High
2234,High
2235,High
2236,High
2237,High
2238,High
2239,High
2240,High
2241,None
2242,Low
2243,Low
2244,Low
2245,High
2246,Very_High
2247,Very_High
2248,Very_High
2249,Low
2250,High
2251,High
2252,High
2253,Very_High
2254,None
2255,Medium
2256,Medium
2257,Medium
2258,Very_High
2259,Very_High
2260,Very_High
2261,High
2262,None
2263,Medium
2264,High
2265,Medium
2266,Very_High
2267,Very_High
2268,None
2269,High
2270,Low
2271,Low
2272,Low
2273,Low
2274,High
2275,High
2276,Medium
2277,High
2278,Low
2279,Medium
2280,None
2281,Low
2282,Medium
2283,None
2284,Very_High
2285,Very_High
2286,None
2287,High
2288,None
2289,None
2290,Low
2291,Low
2292,High
2293,None
2294,High
2295,High
2296,High
2297,None
2298,High
2299,None
2300,Very_High
2301,None
2302,None
2303,None
2304,None
2305,None
2306,Medium
2307,High
2308,High
2309,Very_High
2310,Very_High
2311,Very_High
2312,Very_High
2313,Very_High
2314,Very_High
2315,Very_High
2316,Very_High
2317,Very_High
2318,Very_High
2319,Very_High
2320,Very_High
2321,None
2322,None
2323,None
2324,Low
2325,None
2326,None
2327,Low
2328,High
2329,High
2330,High
2331,None
2332,Low
2333,High
2334,Medium
2335,None
2336,Very_High
2337,Very_High
2338,High
2339,High
2340,Medium
2341,Very_High
2342,High
2343,High
2344,High
2345,None
2346,None
2347,High
2348,None
2349,High
2350,None
2351,Low
2352,Low
2353,Medium
2354,None
2355,None
2356,None
2357,None
2358,None
2359,Low
2360,Medium
2361,High
2362,Low
2363,High
2364,Very_High
2365,None
2366,High
2367,High
2368,None
2369,High
2370,None
2371,Very_High
2372,Very_High
2373,Low
2374,High
2375,None
2376,Medium
2377,Medium
2378,High
2379,None
2380,Medium
2381,Very_High
2382,Very_High
2383,None
2384,High
2385,Very_High
2386,None
2387,None
2388,None
2389,None
2390,High
2391,Very_High
2392,Very_High
2393,Very_High
2394,High
2395,High
2396,High
2397,Very_High
2398,Very_High
2399,Very_High
2400,High
2401,High
2402,High
2403,None
2404,None
2405,Low
2406,None
2407,High
2408,Medium
2409,Medium
2410,High
2411,None
2412,None
2413,None
2414,None
2415,None
2416,Very_High
2417,None
2418,Very_High
2419,Very_High
2420,Very_High
2421,High
2422,None
2423,None
2424,Medium
2425,Medium
2426,None
2427,Very_High
2428,Very_High
2429,Very_High
2430,None
2431,Very_High
2432,Medium
2433,Low
2434,None
2435,None
2436,Very_High
2437,Very_High
2438,None
2439,Medium
2440,None
2441,None
2442,Medium
2443,Medium
2444,None
2445,None
2446,Low
2447,Medium
2448,None
2449,High
2450,Medium
2451,None
2452,Very_High
2453,Very_High
2454,None
2455,Low
2456,High
2457,Very_High
2458,Very_High
2459,Very_High
2460,Very_High
2461,High
2462,Low
2463,Low
2464,None
2465,Very_High
2466,Very_High
2467,Very_High
2468,Very_High
2469,Very_High
2470,None
2471,High
2472,Low
2473,Low
2474,High
2475,High
2476,High
2477,Low
2478,Low
2479,None
2480,High
2481,None
2482,Very_High
2483,Very_High
2484,None
2485,High
2486,High
2487,High
2488,High
2489,None
2490,High
2491,Medium
2492,Medium
2493,Low
2494,High
2495,Very_High
2496,Very_High
2497,Very_High
2498,Very_High
2499,Very_High
2500,None
2501,None
2502,High
2503,None
2504,Very_High
2505,Very_High
2506,None
2507,None
2508,None
2509,Medium
2510,None
2511,None
2512,None
2513,Medium
2514,None
2515,High
2516,High
2517,None
2518,High
2519,None
2520,High
2521,None
2522,Very_High
2523,Very_High
2524,Very_High
2525,Very_High
2526,Very_High
2527,High
2528,High
2529,High
2530,None
2531,None
2532,Medium
2533,None
2534,High
2535,High
2536,High
2537,High
2538,None
2539,Medium
2540,Medium
2541,Medium
2542,Medium
2543,Medium
2544,Medium
2545,Low
2546,High
2547,None
2548,Medium
2549,Low
2550,Low
2551,High
2552,Low
2553,Low
2554,High
2555,None
2556,None
2557,None
2558,High
2559,High
2560,High
2561,Low
2562,High
2563,High
2564,High
2565,High
2566,None
2567,None
2568,None
2569,Very_High
2570,Very_High
2571,None
2572,Low
2573,Low
2574,Very_High
2575,Very_High
2576,Very_High
2577,Very_High
2578,High
2579,None
2580,Very_High
2581,High
2582,Very_High
2583,Very_High
2584,Low
2585,Low
2586,None
2587,High
2588,Low
2589,Medium
2590,High
2591,High
2592,High
2593,Very_High
2594,Very_High
2595,Low
2596,High
2597,High
2598,None
2599,Low
2600,High
2601,Medium
2602,Low
2603,None
2604,Low
2605,Medium
2606,High
2607,High
2608,Medium
2609,None
2610,Very_High
2611,None
2612,None
2613,Medium
2614,Medium
2615,Low
2616,Low
2617,None
2618,High
2619,Low
2620,Low
2621,High
2622,High
2623,High
2624,None
2625,None
2626,None
2627,None
2628,Very_High
2629,Very_High
2630,Very_High
2631,Very_High
2632,Very_High
2633,None
2634,High
2635,Very_High
2636,Very_High
2637,Very_High
2638,Very_High
2639,Very_High
2640,Very_High
2641,Very_High
2642,None
2643,None
2644,None
2645,Medium
2646,Very_High
2647,Very_High
2648,Very_High
2649,Very_High
2650,Very_High
2651,Very_High
2652,Very_High
2653,Medium
2654,Very_High
2655,Very_High
2656,None
2657,None
2658,Medium
2659,High
2660,High
2661,High
2662,High
2663,High
2664,High
2665,High
2666,None
2667,None
2668,None
2669,Low
2670,Low
2671,None
2672,Very_High
2673,Very_High
2674,Very_High
2675,Very_High
2676,High
2677,None
2678,High
2679,High
2680,High
2681,High
2682,None
2683,None
2684,None
2685,None
2686,Low
2687,Low
2688,None
2689,Low
2690,Low
2691,None
2692,High
2693,High
2694,Very_High
2695,None
2696,None
2697,None
2698,Medium
2699,None
2700,Low
2701,High
2702,Medium
2703,Very_High
2704,Very_High
2705,Very_High
2706,None
2707,Medium
2708,None
2709,None
2710,High
2711,None
2712,Very_High
2713,High
2714,High
2715,High
2716,High
2717,None
2718,Very_High
2719,None
2720,None
2721,None
2722,Very_High
2723,Low
2724,High
2725,High
2726,None
2727,Very_High
2728,Very_High
2729,Very_High
2730,High
2731,High
2732,Medium
2733,High
2734,Very_High
2735,Very_High
2736,Low
2737,High
2738,None
2739,High
2740,Low
2741,None
2742,High
2743,Low
2744,Low
2745,None
2746,None
2747,High
2748,None
2749,None
2750,Very_High
2751,Very_High
2752,Very_High
2753,None
2754,Low
2755,None
2756,None
2757,High
2758,Very_High
2759,High
2760,None
2761,None
2762,High
2763,None
2764,Medium
2765,Medium
2766,High
2767,None
2768,Low
2769,Very_High
2770,None
2771,None
2772,Very_High
2773,High
2774,High
2775,High
2776,High
2777,Very_High
2778,Very_High
2779,High
2780,None
2781,None
2782,None
2783,Low
2784,Low
2785,High
2786,Very_High
2787,Very_High
2788,Very_High
2789,Medium
2790,Medium
2791,High
2792,Low
2793,Low
2794,Medium
2795,Medium
2796,Medium
2797,High
2798,High
2799,None
2800,None
2801,High
2802,High
2803,High
2804,High
2805,Medium
2806,Low
2807,None
2808,None
2809,Low
2810,Low
2811,Low
2812,Very_High
2813,Very_High
2814,Very_High
2815,Very_High
2816,Very_High
2817,Very_High
2818,Very_High
2819,High
2820,Very_High
2821,High
2822,Very_High
2823,Very_High
2824,None
2825,Low
2826,Low
2827,None
2828,None
2829,High
2830,None
2831,High
2832,High
2833,High
2834,Low
2835,Medium
2836,Medium
2837,None
2838,None
2839,Low
2840,Low
2841,High
2842,High
2843,None
2844,None
2845,Low
2846,None
2847,Low
2848,Low
2849,None
2850,Very_High
2851,Very_High
2852,Low
2853,High
2854,None
2855,Medium
2856,None
2857,High
2858,Medium
2859,None
2860,Very_High
2861,Very_High
2862,Low
2863,None
2864,Medium
2865,Low
2866,Medium
2867,None
2868,Very_High
2869,None
2870,None
2871,Medium
2872,Medium
2873,None
2874,Low
2875,None
2876,None
2877,Low
2878,Very_High
2879,Very_High
2880,Very_High
2881,High
2882,High
2883,None
2884,High
2885,High
2886,High
2887,High
2888,Very_High
2889,Very_High
2890,None
2891,Very_High
2892,Very_High
2893,Very_High
2894,Medium
2895,Medium
2896,High
2897,High
2898,None
2899,None
2900,High
2901,Medium
2902,Very_High
2903,Very_High
2904,None
2905,High
2906,None
2907,Very_High
2908,Very_High
2909,Medium
2910,Medium
2911,Very_High
2912,Very_High
2913,Very_High
2914,Very_High
2915,Very_High
2916,Very_High
2917,Very_High
2918,Very_High
2919,None
2920,Medium
2921,Medium
2922,Medium
2923,Medium
2924,None
2925,Medium
2926,None
2927,Low
2928,High
2929,High
2930,Medium
2931,Medium
2932,None
2933,Low
2934,Medium
2935,High
2936,None
2937,None
2938,None
2939,Medium
2940,Low
2941,High
2942,Very_High
2943,Very_High
2944,None
2945,Medium
2946,High
2947,Very_High
2948,Very_High
2949,Low
2950,Low
2951,High
2952,High
2953,Very_High
2954,Very_High
2955,None
2956,None
2957,Very_High
2958,Very_High
2959,Medium
2960,Medium
2961,Medium
2962,High
2963,Medium
2964,Medium
2965,High
2966,None
2967,None
2968,High
2969,High
2970,Very_High
2971,Very_High
2972,Low
2973,Medium
2974,Very_High
2975,Very_High
2976,Very_High
2977,Low
2978,Very_High
2979,Very_High
2980,Very_High
2981,None
2982,High
2983,High
2984,Medium
2985,None
2986,High
2987,High
2988,Medium
2989,Medium
2990,Low
2991,High
2992,High
2993,None
2994,None
2995,Medium
2996,Low
2997,Low
2998,Low
2999,High
3000,Very_High
3001,None
3002,Medium
3003,Very_High
3004,None
3005,High
3006,High
3007,Very_High
3008,Very_High
3009,High
3010,Very_High
3011,Very_High
3012,Very_High
3013,Low
3014,Low
3015,Very_High
3016,Very_High
3017,Very_High
3018,High
3019,High
3020,High
3021,None
3022,Low
3023,High
3024,Very_High
3025,Very_High
3026,High
3027,None
3028,Very_High
3029,Very_High
3030,Very_High
3031,Very_High
3032,High
3033,None
3034,None
3035,None
3036,None
3037,High
3038,None
3039,Low
3040,None
3041,None
3042,None
3043,None
3044,Low
3045,Very_High
3046,Very_High
3047,Very_High
3048,Very_High
3049,None
3050,None
3051,None
3052,None
3053,High
3054,High
3055,Low
3056,Very_High
3057,High
3058,None
3059,None
3060,None
3061,Very_High
3062,Very_High
3063,Very_High
3064,Very_High
3065,Very_High
3066,Very_High
3067,High
3068,None
3069,High
3070,None
3071,Low
3072,Low
3073,Very_High
3074,Very_High
3075,High
3076,Very_High
3077,Very_High
3078,None
3079,High
3080,High
3081,High
3082,Medium
3083,High
3084,High
3085,Low
3086,None
3087,Very_High
3088,Very_High
3089,None
3090,Low
3091,High
3092,None
3093,Very_High
3094,Very_High
3095,High
3096,Very_High
3097,Very_High
3098,Very_High
3099,Very_High
3100,High
3101,None
3102,Very_High
3103,Very_High
3104,Very_High
3105,Very_High
3106,High
3107,Very_High
3108,Very_High
3109,None
3110,High
3111,High
3112,High
3113,Medium
3114,None
3115,High
3116,High
3117,None
3118,None
3119,High
3120,High
3121,High
3122,None
3123,Medium
3124,Very_High
3125,Very_High
3126,None
3127,None
3128,High
3129,None
3130,Low
3131,Low
3132,Medium
3133,Medium
3134,High
3135,Medium
3136,Medium
3137,High
3138,None
3139,High
3140,High
3141,High
3142,None
3143,Medium
3144,Very_High
3145,Very_High
3146,None
3147,High
3148,Low
3149,None
3150,None
3151,Very_High
3152,Very_High
3153,Medium
3154,High
3155,None
3156,Medium
3157,High
3158,None
3159,Medium
3160,Very_High
3161,Very_High
3162,High
3163,High
3164,High
3165,High
3166,High
3167,None
3168,None
3169,None
3170,High
3171,High
3172,None
3173,None
3174,None
3175,None
3176,None
3177,Very_High
3178,Very_High
3179,High
3180,Medium
3181,None
3182,None
3183,None
3184,None
3185,None
3186,None
3187,High
3188,High
3189,High
3190,Low
3191,Very_High
3192,None
3193,None
3194,Very_High
3195,Very_High
3196,Very_High
3197,None
3198,None
3199,Very_High
3200,Very_High
3201,Very_High
3202,Very_High
3203,None
3204,Very_High
3205,High
3206,High
3207,High
3208,None
3209,None
3210,None
3211,High
3212,High
3213,High
3214,None
3215,None
3216,High
3217,High
3218,High
3219,High
3220,High
3221,Medium
3222,High
3223,Medium
3224,Low
3225,Very_High
3226,Very_High
3227,Very_High
3228,Very_High
3229,None
3230,None
3231,None
3232,Medium
3233,None
3234,High
3235,High
3236,Medium
3237,None
3238,High
3239,Very_High
3240,Very_High
3241,High
3242,None
3243,High
3244,High
3245,None
3246,Very_High
3247,Very_High
3248,Very_High
3249,Very_High
3250,None
3251,High
3252,High
3253,None
3254,None
3255,High
3256,None
3257,Very_High
3258,Very_High
3259,Low
3260,High
3261,High
3262,Medium
3263,Low
3264,Low
3265,High
3266,Low
3267,High
3268,Low
3269,High
3270,None
3271,None
3272,None
3273,Very_High
3274,Very_High
3275,Very_High
3276,Very_High
3277,Low
3278,Low
3279,Very_High
3280,Very_High
3281,Very_High
3282,Very_High
3283,Very_High
3284,Very_High
3285,None
3286,None
3287,High
3288,High
3289,Medium
3290,Medium
3291,None
3292,High
3293,High
3294,Low
3295,None
3296,None
3297,None
3298,None
3299,None
3300,High
3301,Medium
3302,Medium
3303,Medium
3304,None
3305,Medium
3306,Medium
3307,None
3308,None
3309,Very_High
3310,Very_High
3311,Very_High
3312,Medium
3313,Very_High
3314,Very_High
3315,Medium
3316,High
3317,High
3318,None
3319,High
3320,Very_High
3321,Very_High
3322,Very_High
3323,None
3324,None
3325,High
3326,Very_High
3327,Very_High
3328,Very_High
3329,Very_High
3330,Very_High
3331,Very_High
3332,High
3333,High
3334,Very_High
3335,None
3336,None
3337,None
3338,High
3339,High
3340,Very_High
3341,Very_High
3342,Very_High
3343,Very_High
3344,None
3345,None
3346,None
3347,Very_High
3348,Very_High
3349,Very_High
3350,Medium
3351,Low
3352,Low
3353,Low
3354,Very_High
3355,Very_High
3356,Very_High
3357,Very_High
3358,High
3359,Very_High
3360,Very_High
3361,Very_High
3362,None
3363,None
3364,Medium
3365,None
3366,None
3367,High
3368,High
3369,High
3370,None
3371,Very_High
3372,Very_High
3373,None
3374,Very_High
3375,Very_High
3376,Very_High
3377,Low
3378,Low
3379,None
3380,Very_High
3381,Very_High
3382,Very_High
3383,Low
3384,Medium
3385,Medium
3386,High
3387,High
3388,Medium
3389,Medium
3390,High
3391,None
3392,Very_High
3393,Very_High
3394,None
3395,High
3396,High
3397,Low
3398,Low
3399,Low
3400,Medium
3401,Low
3402,High
3403,High
3404,Low
3405,Low
3406,Very_High
3407,Very_High
3408,Very_High
3409,Very_High
3410,High
3411,Low
3412,Very_High
3413,Very_High
3414,None
3415,None
3416,Low
3417,None
3418,High
3419,Low
3420,Low
3421,Low
3422,None
3423,Very_High
3424,Very_High
3425,Very_High
3426,Very_High
3427,Low
3428,Low
3429,Low
3430,None
3431,Low
3432,High
3433,High
3434,High
3435,Medium
3436,None
3437,Low
3438,Low
3439,None
3440,Low
3441,None
3442,High
3443,High
3444,Low
3445,Low
3446,Very_High
3447,Medium
3448,None
3449,None
3450,Very_High
3451,High
3452,High
3453,Low
3454,Medium
3455,Low
3456,High
3457,None
3458,High
3459,Very_High
3460,None
3461,None
3462,Very_High
3463,Very_High
3464,None
3465,Low
3466,Low
3467,None
3468,Medium
3469,High
3470,None
3471,High
3472,High
3473,Very_High
3474,Low
3475,Low
3476,High
3477,High
3478,High
3479,None
3480,None
3481,Low
3482,High
3483,Very_High
3484,High
3485,None
3486,Medium
3487,None
3488,High
3489,Low
3490,Very_High
3491,High
3492,High
3493,Medium
3494,High
3495,None
3496,High
3497,Low
3498,High
3499,None
3500,Medium
3501,None
3502,Low
3503,None
3504,None
3505,Medium
3506,High
3507,None
3508,None
3509,None
3510,None
3511,Very_High
3512,Very_High
3513,Very_High
3514,None
3515,None
3516,Very_High
3517,Very_High
3518,Very_High
3519,None
3520,None
3521,Very_High
3522,Very_High
3523,Very_High
3524,Very_High
3525,High
3526,None
3527,High
3528,None
3529,High
3530,Very_High
3531,Very_High
3532,Very_High
3533,High
3534,Very_High
3535,Very_High
3536,Very_High
3537,Very_High
3538,None
3539,None
3540,High
3541,High
3542,None
3543,Medium
3544,None
3545,High
3546,None
3547,Very_High
3548,Very_High
3549,None
3550,Medium
3551,Medium
3552,None
3553,Very_High
3554,Very_High
3555,High
3556,High
3557,High
3558,High
3559,High
3560,Medium
3561,High
3562,High
3563,Very_High
3564,Very_High
3565,Very_High
3566,Very_High
3567,High
3568,High
3569,Medium
3570,None
3571,Low
3572,Medium
3573,High
3574,High
3575,Low
3576,None
3577,Low
3578,None
3579,High
3580,Medium
3581,High
3582,High
3583,Medium
3584,Medium
3585,Medium
3586,None
3587,None
3588,Very_High
3589,Low
3590,High
3591,Medium
3592,Medium
3593,None
3594,High
3595,None
3596,None
3597,High
3598,Medium
3599,High
3600,None
3601,High
3602,None
3603,None
3604,None
3605,Very_High
3606,Very_High
3607,Very_High
3608,Low
3609,High
3610,High
3611,Very_High
3612,Very_High
3613,Medium
3614,High
3615,Medium
3616,High
3617,High
3618,None
3619,Low
3620,Low
3621,None
3622,None
3623,None
3624,None
3625,Very_High
3626,Very_High
3627,None
3628,None
3629,High
3630,High
3631,None
3632,None
3633,High
3634,Very_High
3635,Very_High
3636,Very_High
3637,None
3638,None
3639,None
3640,High
3641,Very_High
3642,Very_High
3643,None
3644,Very_High
3645,Very_High
3646,Medium
3647,Medium
3648,Medium
3649,Medium
3650,High
3651,High
3652,High
3653,None
3654,High
3655,Low
3656,Low
3657,High
3658,High
3659,High
3660,High
3661,None
3662,None
3663,None
3664,Medium
3665,High
3666,None
3667,Low
3668,None
3669,High
3670,High
3671,High
3672,High
3673,Low
3674,None
3675,High
3676,Medium
3677,Medium
3678,Low
3679,None
3680,Medium
3681,None
3682,Medium
3683,High
3684,Medium
3685,Low
3686,Very_High
3687,Very_High
3688,Very_High
3689,High
3690,None
3691,None
3692,High
3693,Medium
3694,High
3695,Very_High
3696,Very_High
3697,Very_High
3698,Medium
3699,None
3700,Very_High
3701,Very_High
3702,Very_High
3703,Very_High
3704,Very_High
3705,Very_High
3706,High
3707,None
3708,None
3709,High
3710,None
3711,None
3712,Low
3713,None
3714,High
3715,Low
3716,Low
3717,Low
3718,None
3719,Medium
3720,Medium
3721,Very_High
3722,Very_High
3723,None
3724,None
3725,High
3726,Low
3727,Low
3728,Very_High
3729,Very_High
3730,None
3731,High
3732,High
3733,None
3734,High
3735,High
3736,High
3737,None
3738,None
3739,Very_High
3740,Very_High
3741,None
3742,Low
3743,Low
3744,Medium
3745,Medium
3746,Very_High
3747,Very_High
3748,Very_High
3749,None
3750,Low
3751,None
3752,Low
3753,None
3754,Medium
3755,None
3756,None
3757,None
3758,Very_High
3759,Medium
3760,Very_High
3761,Very_High
3762,None
3763,Very_High
3764,Very_High
3765,High
3766,High
3767,High
3768,None
3769,None
3770,None
3771,Very_High
3772,Very_High
3773,Very_High
3774,High
3775,None
3776,None
3777,Low
3778,Low
3779,Very_High
3780,Very_High
3781,Very_High
3782,High
3783,High
3784,High
3785,High
3786,None
3787,Medium
3788,Low
3789,Low
3790,Very_High
3791,Very_High
3792,Medium
3793,Very_High
3794,None
3795,None
3796,Very_High
3797,None
3798,Very_High
3799,Very_High
3800,None
3801,Medium
3802,Medium
3803,None
3804,Low
3805,None
3806,None
3807,None
3808,Very_High
3809,Very_High
3810,High
3811,High
3812,High
3813,None
3814,Low
3815,Low
3816,High
3817,Very_High
3818,Very_High
3819,None
3820,Very_High
3821,Very_High
3822,Very_High
3823,Very_High
3824,None
3825,High
3826,None
3827,None
3828,None
3829,None
3830,High
3831,High
3832,Low
3833,None
3834,High
3835,Low
3836,None
3837,High
3838,High
3839,High
3840,None
3841,Medium
3842,Medium
3843,None
3844,Very_High
3845,Very_High
3846,Very_High
3847,Very_High
3848,Very_High
3849,Very_High
3850,Very_High
3851,Very_High
3852,Very_High
3853,Very_High
3854,Very_High
3855,Very_High
3856,None
3857,None
3858,None
3859,None
3860,None
3861,High
3862,Medium
3863,Medium
3864,Medium
3865,Medium
3866,None
3867,Very_High
3868,Very_High
3869,Very_High
3870,Medium
3871,Medium
3872,None
3873,None
3874,None
3875,High
3876,None
3877,Medium
3878,Medium
3879,Very_High
3880,Very_High
3881,Very_High
3882,Very_High
3883,Very_High
3884,None
3885,None
3886,None
3887,Medium
3888,High
3889,High
3890,Very_High
3891,Very_High
3892,Very_High
3893,Medium
3894,None
3895,None
3896,High
3897,High
3898,None
3899,Low
3900,None
3901,Low
3902,Very_High
3903,Very_High
3904,Very_High
3905,Medium
3906,Medium
3907,None
3908,None
3909,None
3910,Very_High
3911,Very_High
3912,Medium
3913,None
3914,High
3915,None
3916,None
3917,High
3918,High
3919,None
3920,High
3921,High
3922,Low
3923,Low
3924,None
3925,Medium
3926,None
3927,Low
3928,None
3929,None
3930,Very_High
3931,Very_High
3932,Medium
3933,High
3934,Low
3935,High
3936,None
3937,Medium
3938,None
3939,Low
3940,Medium
3941,Very_High
3942,Very_High
3943,None
3944,None
3945,High
3946,High
3947,None
3948,Very_High
3949,Very_High
3950,None
3951,None
3952,Medium
3953,Medium
3954,Low
3955,Very_High
3956,Very_High
3957,Very_High
3958,Very_High
3959,Medium
3960,Low
3961,Very_High
3962,Very_High
3963,High
3964,Medium
3965,High
3966,Low
3967,Very_High
3968,Very_High
3969,Very_High
3970,Very_High
3971,None
3972,None
3973,Medium
3974,Medium
3975,Medium
3976,Very_High
3977,High
3978,High
3979,High
3980,None
3981,None
3982,None
3983,High
3984,Medium
3985,None
3986,High
3987,High
3988,High
3989,High
3990,None
3991,High
3992,Medium
3993,Very_High
3994,Very_High
3995,Very_High
3996,Very_High
3997,Very_High
3998,Low
3999,Low
4000,Low
4001,None
4002,None
4003,Medium
4004,Medium
4005,High
4006,Low
4007,Very_High
4008,Very_High
4009,None
4010,None
4011,Medium
4012,Very_High
4013,None
4014,High
4015,Medium
4016,High
4017,None
4018,None
4019,High
4020,None
4021,Very_High
4022,Very_High
4023,Very_High
4024,Very_High
4025,Very_High
4026,None
4027,None
4028,None
4029,Low
4030,Low
4031,Low
4032,None
4033,High
4034,Medium
4035,Very_High
4036,Very_High
4037,None
4038,None
4039,None
4040,None
4041,Medium
4042,Medium
4043,Medium
4044,None
4045,Medium
4046,Medium
4047,High
4048,High
4049,High
4050,Medium
4051,High
4052,Medium
4053,Very_High
4054,Very_High
4055,Very_High
4056,Very_High
4057,Very_High
4058,High
4059,High
4060,High
4061,Very_High
4062,High
4063,Medium
4064,High
4065,High
4066,None
4067,None
4068,High
4069,High
4070,High
4071,Very_High
4072,Very_High
4073,Very_High
4074,Very_High
4075,High
4076,None
4077,Medium
4078,High
4079,Medium
4080,Very_High
4081,Very_High
4082,Very_High
4083,Very_High
4084,Very_High
4085,Medium
4086,None
4087,None
4088,None
4089,High
4090,None
4091,None
4092,Very_High
4093,Very_High
4094,Very_High
4095,Very_High
4096,Very_High
4097,Very_High
4098,Low
4099,Low
4100,None
4101,None
4102,Low
4103,High
4104,High
4105,None
4106,Very_High
4107,High
4108,Low
4109,None
4110,None
4111,Low
4112,Very_High
4113,Very_High
4114,None
4115,None
4116,Medium
4117,Medium
4118,Low
4119,Low
4120,Very_High
4121,Very_High
4122,None
4123,High
4124,None
4125,None
4126,Low
4127,High
4128,High
4129,Medium
4130,Low
4131,High
4132,None
4133,None
4134,None
4135,None
4136,High
4137,High
4138,None
4139,None
4140,High
4141,High
4142,None
4143,Very_High
4144,Very_High
4145,None
4146,None
4147,Low
4148,None
4149,Low
4150,High
4151,High
4152,High
4153,Medium
4154,Low
4155,High
4156,Low
4157,Medium
4158,Medium
4159,Medium
4160,Medium
4161,None
4162,Very_High
4163,Very_High
4164,Low
4165,Low
4166,High
4167,None
4168,Low
4169,None
4170,None
4171,High
4172,Low
4173,Medium
4174,None
4175,Very_High
4176,Low
4177,Very_High
4178,Very_High
4179,High
4180,High
4181,High
4182,High
4183,None
4184,High
4185,None
4186,High
4187,Very_High
4188,Very_High
4189,None
4190,None
4191,Low
4192,None
4193,Low
4194,High
4195,High
4196,None
4197,Medium
4198,None
4199,Medium
4200,None
4201,High
4202,High
4203,High
4204,High
4205,High
4206,Low
4207,None
4208,Very_High
4209,Very_High
4210,Very_High
4211,High
4212,High
4213,None
4214,High
4215,High
4216,Very_High
4217,Very_High
4218,Very_High
4219,None
4220,Very_High
4221,Very_High
4222,Very_High
4223,Low
4224,None
4225,None
4226,None
4227,Very_High
4228,Very_High
4229,Medium
4230,High
4231,High
4232,Low
4233,Low
4234,High
4235,None
4236,High
4237,None
4238,None
4239,Low
4240,High
4241,Medium
4242,Very_High
4243,Very_High
4244,None
4245,Very_High
4246,Very_High
4247,Low
4248,Low
4249,Very_High
4250,Very_High
4251,Medium
4252,High
4253,Medium
4254,None
4255,Low
4256,High
4257,None
4258,Low
4259,Very_High
4260,Very_High
4261,Medium
4262,None
4263,Medium
4264,Medium
4265,None
4266,None
4267,Medium
4268,None
4269,None
4270,None
4271,Low
4272,High
4273,Very_High
4274,Low
4275,Low
4276,None
4277,Very_High
4278,Very_High
4279,High
4280,High
4281,Very_High
4282,Very_High
4283,Very_High
4284,High
4285,High
4286,High
4287,None
4288,High
4289,None
4290,None
4291,High
4292,Low
4293,Medium
4294,None
4295,High
4296,None
4297,High
4298,None
4299,High
4300,High
4301,High
4302,Low
4303,Very_High
4304,Low
4305,Low
4306,Medium
4307,Very_High
4308,Very_High
4309,Very_High
4310,Medium
4311,High
4312,None
4313,None
4314,High
4315,High
4316,None
4317,Very_High
4318,Very_High
4319,Very_High
4320,High
4321,None
4322,Low
4323,Very_High
4324,Very_High
4325,Very_High
4326,Very_High
4327,Very_High
4328,Very_High
4329,Very_High
4330,None
4331,Very_High
4332,Very_High
4333,Very_High
4334,High
4335,High
4336,None
4337,Low
4338,High
4339,High
4340,High
4341,Medium
4342,Medium
4343,High
4344,High
4345,None
4346,High
4347,None
4348,Very_High
4349,Very_High
4350,High
4351,High
4352,Very_High
4353,Very_High
4354,High
4355,None
4356,None
4357,High
4358,Very_High
4359,None
4360,Low
4361,None
4362,High
4363,None
4364,None
4365,Very_High
4366,Very_High
4367,Very_High
4368,Very_High
4369,Low
4370,Low
4371,None
4372,High
4373,None
4374,Very_High
4375,Very_High
4376,Very_High
4377,Very_High
4378,None
4379,High
4380,None
4381,Very_High
4382,Very_High
4383,Very_High
4384,Very_High
4385,High
4386,None
4387,None
4388,None
4389,Medium
4390,High
4391,Low
4392,Medium
4393,Medium
4394,Low
4395,Medium
4396,Medium
4397,Very_High
4398,Low
4399,Low
4400,Very_High
4401,Very_High
4402,Very_High
4403,None
4404,High
4405,Medium
4406,None
4407,Medium
4408,Medium
4409,None
4410,Very_High
4411,Very_High
4412,None
4413,High
4414,Low
4415,Very_High
4416,Very_High
4417,Very_High
4418,Very_High
4419,Very_High
4420,Very_High
4421,Very_High
4422,Very_High
4423,Very_High
4424,High
4425,High
4426,None
4427,None
4428,Very_High
4429,None
4430,None
4431,Very_High
4432,Very_High
4433,Medium
4434,None
4435,High
4436,High
4437,High
4438,High
4439,Medium
4440,Medium
4441,Very_High
4442,Very_High
4443,Very_High
4444,None
4445,High
4446,High
4447,High
4448,None
4449,None
4450,Very_High
4451,Very_High
4452,Medium
4453,High
4454,None
4455,Low
4456,Very_High
4457,Very_High
4458,None
4459,High
4460,Very_High
4461,Very_High
4462,Very_High
4463,Very_High
4464,Low
4465,High
4466,Low
4467,Low
4468,Very_High
4469,Very_High
4470,None
4471,Low
4472,None
4473,None
4474,Low
4475,Very_High
4476,Very_High
4477,None
4478,Low
4479,High
4480,None
4481,Very_High
4482,Very_High
4483,None
4484,None
4485,High
4486,Low
4487,High
4488,Low
4489,None
4490,High
4491,Low
4492,Low
4493,High
4494,High
4495,None
4496,Very_High
4497,Very_High
4498,None
4499,Low
4500,Low
4501,None
4502,High
4503,Very_High
4504,Very_High
4505,Very_High
4506,None
4507,High
4508,None
4509,High
4510,High
4511,None
4512,High
4513,None
4514,None
4515,High
4516,High
4517,None
4518,High
4519,High
4520,None
4521,Medium
4522,High
4523,None
4524,Low
4525,None
4526,Medium
4527,High
4528,High
4529,None
4530,None
4531,None
4532,Low
4533,Low
4534,Very_High
4535,Very_High
4536,Low
4537,None
4538,Very_High
4539,Very_High
4540,High
4541,None
4542,High
4543,Medium
4544,Medium
4545,High
4546,High
4547,High
4548,None
4549,High
4550,Medium
4551,Medium
4552,None
4553,Medium
4554,Medium
4555,Very_High
4556,Very_High
4557,Low
4558,Low
4559,Low
4560,High
4561,Medium
4562,None
4563,Very_High
4564,Very_High
4565,None
4566,Medium
4567,Low
4568,Medium
4569,None
4570,Medium
4571,High
4572,High
4573,High
4574,Low
4575,Low
4576,Very_High
4577,Very_High
4578,None
4579,Low
4580,None
4581,None
4582,Medium
4583,High
4584,None
4585,None
4586,Low
4587,None
4588,High
4589,Medium
4590,Medium
4591,None
4592,High
4593,High
4594,Medium
4595,High
4596,None
4597,Medium
4598,Low
4599,None
4600,Low
4601,High
4602,Low
4603,High
4604,High
4605,High
4606,Very_High
4607,Very_High
4608,Very_High
4609,Low
4610,Medium
4611,None
4612,None
4613,High
4614,Very_High
4615,High
4616,High
4617,Medium
4618,High
4619,Very_High
4620,Very_High
4621,Very_High
4622,Very_High
4623,Very_High
4624,Very_High
4625,None
4626,Low
4627,Medium
4628,High
4629,Very_High
4630,Low
4631,High
4632,Very_High
4633,Very_High
4634,None
4635,High
4636,High
4637,High
4638,High
4639,None
4640,Low
4641,Low
4642,High
4643,None
4644,None
4645,None
4646,Medium
4647,Medium
4648,Low
4649,Low
4650,High
4651,High
4652,Low
4653,Low
4654,Medium
4655,Medium
4656,None
4657,High
4658,High
4659,Medium
4660,Very_High
4661,Very_High
4662,Very_High
4663,None
4664,High
4665,None
4666,None
4667,None
4668,Medium
4669,Medium
4670,High
4671,Low
4672,Low
4673,Low
4674,Low
4675,High
4676,High
4677,None
4678,High
4679,None
4680,High
4681,High
4682,None
4683,Low
4684,Low
4685,None
4686,Low
4687,Low
4688,Very_High
4689,Very_High
4690,Very_High
4691,Very_High
4692,Low
4693,Very_High
4694,Very_High
4695,None
4696,Very_High
4697,None
4698,High
4699,None
4700,High
4701,Very_High
4702,Very_High
4703,Very_High
4704,Very_High
4705,None
4706,Very_High
4707,High
4708,High
4709,None
4710,None
4711,None
4712,Very_High
4713,Medium
4714,None
4715,High
4716,Low
4717,None
4718,None
4719,Very_High
4720,High
4721,High
4722,None
4723,Low
4724,None
4725,None
4726,Medium
4727,High
4728,High
4729,Low
4730,None
4731,None
4732,None
4733,None
4734,Low
4735,High
4736,High
4737,High
4738,None
4739,Medium
4740,High
4741,High
4742,Medium
4743,None
4744,Very_High
4745,Very_High
4746,Medium
4747,Medium
4748,Very_High
4749,Low
4750,Very_High
4751,Very_High
4752,Very_High
4753,None
4754,None
4755,High
4756,High
4757,None
4758,Low
4759,None
4760,Low
4761,Very_High
4762,Very_High
4763,High
4764,None
4765,Very_High
4766,Very_High
4767,Very_High
4768,Very_High
4769,None
4770,High
4771,Low
4772,Medium
4773,High
4774,None
4775,High
4776,Very_High
4777,Very_High
4778,Medium
4779,Medium
4780,None
4781,Low
4782,None
4783,Low
4784,High
4785,None
4786,Low
4787,Medium
4788,Low
4789,Very_High
4790,Very_High
4791,Low
4792,Very_High
4793,Very_High
4794,High
4795,None
4796,None
4797,Low
4798,High
4799,None
4800,High
4801,High
4802,Medium
4803,High
4804,Medium
4805,Medium
4806,Medium
4807,Very_High
4808,None
4809,None
4810,None
4811,None
4812,None
4813,None
4814,None
4815,None
4816,High
4817,Medium
4818,None
4819,High
4820,None
4821,None
4822,None
4823,High
4824,None
4825,None
4826,High
4827,Low
4828,Low
4829,Very_High
4830,Very_High
4831,Very_High
4832,Medium
4833,Very_High
4834,Very_High
4835,Very_High
4836,None
4837,None
4838,High
4839,None
4840,None
4841,High
4842,High
4843,None
4844,Low
4845,Low
4846,Medium
4847,None
4848,Medium
4849,None
4850,Low
4851,Low
4852,High
4853,High
4854,High
4855,Low
4856,Low
4857,Medium
4858,Medium
4859,Medium
4860,None
4861,Medium
4862,Medium
4863,None
4864,Medium
4865,Very_High
4866,Very_High
4867,Very_High
4868,None
4869,High
4870,Very_High
4871,Very_High
4872,Very_High
4873,Very_High
4874,High
4875,High
4876,Low
4877,None
4878,None
4879,High
4880,None
4881,Low
4882,None
4883,Low
4884,None
4885,Low
4886,None
4887,Low
4888,Low
4889,Very_High
4890,Very_High
4891,Very_High
4892,Very_High
4893,Very_High
4894,Very_High
4895,Very_High
4896,Very_High
4897,Very_High
4898,Very_High
4899,None
4900,High
4901,None
4902,High
4903,Low
4904,Low
4905,None
4906,Low
4907,Low
4908,None
4909,Very_High
4910,Very_High
4911,Very_High
4912,Medium
4913,Medium
4914,High
4915,High
4916,High
4917,Very_High
4918,None
4919,Low
4920,None
4921,None
4922,Low
4923,Low
4924,High
4925,Very_High
4926,Very_High
4927,Medium
4928,Medium
4929,None
4930,Very_High
4931,Very_High
4932,High
4933,High
4934,High
4935,None
4936,None
4937,High
4938,Low
4939,Very_High
4940,Medium
4941,None
4942,None
4943,Medium
4944,Medium
4945,Low
4946,Medium
4947,Low
4948,Low
4949,High
4950,None
4951,Low
4952,None
4953,High
4954,High
4955,High
4956,High
4957,Medium
4958,None
4959,High
4960,High
4961,High
4962,High
4963,None
4964,Medium
4965,Medium
4966,Medium
4967,None
4968,None
4969,Medium
4970,Medium
4971,Medium
4972,High
4973,High
4974,High
4975,High
4976,High
4977,None
4978,None
4979,High
4980,High
4981,High
4982,Low
4983,Very_High
4984,Very_High
4985,Low
4986,Low
4987,Very_High
4988,Very_High
4989,Very_High
4990,Very_High
4991,Very_High
4992,Very_High
4993,Very_High
4994,Very_High
4995,High
4996,Very_High
4997,Very_High
4998,High
4999,High
5000,None
5001,None
5002,None
5003,Very_High
5004,Very_High
5005,Very_High
5006,Very_High
5007,High
5008,Low
5009,Low
5010,Medium
5011,Medium
5012,Very_High
5013,Very_High
5014,Very_High
5015,High
5016,Low
5017,Low
5018,Low
5019,Low
5020,Low
5021,Low
5022,Medium
5023,High
5024,High
5025,High
5026,High
5027,None
5028,Medium
5029,High
5030,High
5031,None
5032,Very_High
5033,Very_High
5034,Very_High
5035,Very_High
5036,None
5037,None
5038,High
5039,High
5040,None
5041,None
5042,Very_High
5043,Very_High
5044,Very_High
5045,High
5046,Low
5047,High
5048,High
5049,High
5050,High
5051,High
5052,None
5053,Low
5054,Medium
5055,Very_High
5056,None
5057,Very_High
5058,Very_High
5059,Very_High
5060,Medium
5061,Medium
5062,Medium
5063,Low
5064,None
5065,None
5066,High
5067,High
5068,Medium
5069,Very_High
5070,High
5071,Medium
5072,Low
5073,Medium
5074,None
5075,None
5076,Low
5077,Low
5078,Low
5079,None
5080,None
5081,Medium
5082,None
5083,High
5084,High
5085,High
5086,Low
5087,Medium
5088,High
5089,High
5090,Very_High
5091,Low
5092,Low
5093,Low
5094,High
5095,None
5096,None
5097,Medium
5098,None
5099,Very_High
5100,Very_High
5101,Very_High
5102,Very_High
5103,High
5104,None
5105,High
5106,None
5107,Low
5108,Medium
5109,High
5110,None
5111,High
5112,Low
5113,High
5114,High
5115,None
5116,None
5117,High
5118,Medium
5119,High
5120,Medium
5121,Very_High
5122,Very_High
5123,None
5124,None
5125,Low
5126,Low
5127,None
5128,High
5129,None
5130,None
5131,None
5132,None
5133,Low
5134,None
5135,None
5136,Very_High
5137,None
5138,Very_High
5139,Very_High
5140,Very_High
5141,High
5142,None
5143,Low
5144,None
5145,None
5146,None
5147,High
5148,Low
5149,None
5150,None
5151,None
5152,High
5153,High
5154,High
5155,High
5156,High
5157,None
5158,Very_High
5159,Very_High
5160,None
5161,High
5162,None
5163,Very_High
5164,Very_High
5165,High
5166,Very_High
5167,Very_High
5168,High
5169,High
5170,Very_High
5171,Very_High
5172,Very_High
5173,High
5174,Low
5175,None
5176,Very_High
5177,Very_High
5178,Very_High
5179,None
5180,High
5181,Very_High
5182,Very_High
5183,None
5184,None
5185,Very_High
5186,Very_High
5187,Very_High
5188,Very_High
5189,Very_High
5190,None
5191,None
5192,None
5193,Low
5194,None
5195,High
5196,High
5197,High
5198,None
5199,High
5200,High
5201,High
5202,None
5203,Low
5204,Low
5205,Very_High
5206,Very_High
5207,Very_High
5208,Very_High
5209,Very_High
5210,Very_High
5211,Very_High
5212,None
5213,None
5214,None
5215,High
5216,High
5217,Very_High
5218,Low
5219,None
5220,High
5221,High
5222,None
5223,Low
5224,Low
5225,High
5226,High
5227,Medium
5228,Medium
5229,None
5230,Low
5231,Low
5232,None
5233,None
5234,Medium
5235,Medium
5236,Medium
5237,None
5238,None
5239,None
5240,Very_High
5241,High
5242,None
5243,None
5244,None
5245,High
5246,Low
5247,Low
5248,Low
5249,Very_High
5250,Very_High
5251,None
5252,Medium
5253,High
5254,High
5255,High
5256,Very_High
5257,Very_High
5258,High
5259,None
5260,None
5261,Very_High
5262,Very_High
5263,Very_High
5264,Very_High
5265,Medium
5266,Very_High
5267,Very_High
5268,Very_High
5269,Very_High
5270,Very_High
5271,Very_High
5272,Very_High
5273,Low
5274,None
5275,High
5276,High
5277,Very_High
5278,Very_High
5279,Very_High
5280,None
5281,High
5282,Low
5283,None
5284,None
5285,Low
5286,None
5287,None
5288,None
5289,Medium
5290,None
5291,Medium
5292,High
5293,Medium
5294,Very_High
5295,Very_High
5296,Very_High
5297,None
5298,High
5299,Very_High
5300,Very_High
5301,High
5302,None
5303,None
5304,None
5305,None
5306,None
5307,Very_High
5308,Very_High
5309,High
5310,None
5311,None
5312,High
5313,High
5314,None
5315,Very_High
5316,High
5317,Low
5318,High
5319,High
5320,Low
5321,None
5322,High
5323,Very_High
5324,None
5325,Medium
5326,Medium
5327,Medium
5328,Very_High
5329,Very_High
5330,None
5331,High
5332,None
5333,None
5334,None
5335,Very_High
5336,Very_High
5337,Very_High
5338,Very_High
5339,Very_High
5340,None
5341,High
5342,None
5343,None
5344,Very_High
5345,Very_High
5346,None
5347,Very_High
5348,High
5349,Medium
5350,None
5351,None
5352,High
5353,High
5354,High
5355,Very_High
5356,Very_High
5357,None
5358,High
5359,High
5360,Very_High
5361,Very_High
5362,Very_High
5363,Very_High
5364,Very_High
5365,Very_High
5366,High
5367,High
5368,None
5369,None
5370,Very_High
5371,None
5372,None
5373,High
5374,None
5375,Medium
5376,Medium
5377,Low
5378,None
5379,Very_High
5380,Very_High
5381,Very_High
5382,Very_High
5383,Very_High
5384,Very_High
5385,Very_High
5386,High
5387,High
5388,Low
5389,Low
5390,Very_High
5391,Very_High
5392,Very_High
5393,Very_High
5394,High
5395,High
5396,High
5397,None
5398,None
5399,Very_High
5400,Very_High
5401,Very_High
5402,Very_High
5403,None
5404,High
5405,Very_High
5406,Very_High
5407,Very_High
5408,High
5409,High
5410,None
5411,Medium
5412,None
5413,None
5414,High
5415,High
5416,Medium
5417,None
5418,High
5419,High
5420,Medium
5421,None
5422,Medium
5423,None
5424,None
5425,None
5426,Medium
5427,Very_High
5428,Very_High
5429,None
5430,None
5431,None
5432,High
5433,High
5434,High
5435,Very_High
5436,Very_High
5437,High
5438,None
5439,High
5440,None
5441,None
5442,None
5443,Low
5444,Low
5445,Medium
5446,Medium
5447,None
5448,None
5449,High
5450,Low
5451,None
5452,Very_High
5453,Very_High
5454,None
5455,None
5456,Very_High
5457,Very_High
5458,Very_High
5459,Very_High
5460,Low
5461,Medium
5462,Low
5463,Low
5464,None
5465,High
5466,Low
5467,Low
5468,None
5469,High
5470,High
5471,Medium
5472,Low
5473,Low
5474,Very_High
5475,Very_High
5476,Low
5477,Low
5478,High
5479,High
5480,None
5481,None
5482,None
5483,Very_High
5484,Very_High
5485,Low
5486,Low
5487,Medium
5488,High
5489,None
5490,Medium
5491,Very_High
5492,Very_High
5493,Very_High
5494,Low
5495,Low
5496,None
5497,Medium
5498,High
5499,None
5500,Very_High
5501,Very_High
5502,Low
5503,Medium
5504,Medium
5505,Very_High
5506,Very_High
5507,Very_High
5508,Very_High
5509,Very_High
5510,Very_High
5511,Very_High
5512,Very_High
5513,Very_High
5514,Medium
5515,Medium
5516,None
5517,Very_High
5518,Low
5519,Low
5520,High
5521,Low
5522,Low
5523,None
5524,High
5525,High
5526,Low
5527,Low
5528,High
5529,Low
5530,Low
5531,Very_High
5532,None
5533,Very_High
5534,Very_High
5535,Very_High
5536,Very_High
5537,High
5538,High
5539,High
5540,Medium
5541,High
5542,None
5543,None
5544,None
